{"cameraMode":{"drawMode":0,"name":"Shaded","section":"Shading Mode"},"sceneLighting":true,"audioPlay":false,"sceneViewState":{"m_AlwaysRefresh":false,"showFog":true,"showSkybox":true,"showFlares":true,"showImageEffects":true,"showParticleSystems":true,"showVisualEffectGraphs":true,"m_FxEnabled":false},"in2DMode":false,"pivot":{"x":0.25316959619522097,"y":0.9358367919921875,"z":90.80589294433594},"rotation":{"x":-0.009908456355333329,"y":0.015294632874429226,"z":-0.00015185111260507256,"w":-0.9998387694358826},"size":5.070389270782471,"orthographic":false}